Jill1,Jill1
Jill2,Jill2
Jill3,Jill3
Jill4,Jill4
Jill5,Jill5
Jill6,Jill6
Jill7,Jill7
Jill8,Jill8
Jill9,Jill9
Jill10,Jill10
Jill11,Jill11
Jill12,Jill12
Jill13,Jill13
Jill14,Jill14
Jill15,Jill15
Jill16,Jill16
Jill17,Jill17
Jill18,Jill18
Jill19,Jill19
Jill20,Jill20
Jill21,Jill21
Jill22,Jill22
Jill23,Jill23
Jill24,Jill24
Jill25,Jill25
Jill26,Jill26
Jill27,Jill27
Jill28,Jill28
Jill29,Jill29
Jill30,Jill30
Jill31,Jill31
Jill32,Jill32
Jill33,Jill33
Jill34,Jill34
Jill35,Jill35
Jill36,Jill36
Jill37,Jill37
Jill38,Jill38
Jill39,Jill39
Jill40,Jill40
Jill41,Jill41
Jill42,Jill42
Jill43,Jill43
Jill44,Jill44
Jill45,Jill45
Jill46,Jill46
Jill47,Jill47
Jill48,Jill48
Jill49,Jill49
Jill50,Jill50
Jill51,Jill51
Jill52,Jill52
Jill53,Jill53
Jill54,Jill54
Jill55,Jill55
Jill56,Jill56
Jill57,Jill57
Jill58,Jill58
Jill59,Jill59
Jill60,Jill60
Jill61,Jill61
Jill62,Jill62
Jill63,Jill63
Jill64,Jill64
Jill65,Jill65
Jill66,Jill66
Jill67,Jill67
Jill68,Jill68
Jill69,Jill69
Jill70,Jill70
Jill71,Jill71
Jill72,Jill72
Jill73,Jill73
Jill74,Jill74
Jill75,Jill75
Jill76,Jill76
Jill77,Jill77
Jill78,Jill78
Jill79,Jill79
Jill80,Jill80
Jill81,Jill81
Jill82,Jill82
Jill83,Jill83
Jill84,Jill84
Jill85,Jill85
Jill86,Jill86
Jill87,Jill87
Jill88,Jill88
Jill89,Jill89
Jill90,Jill90
Jill91,Jill91
Jill92,Jill92
Jill93,Jill93
Jill94,Jill94
Jill95,Jill95
Jill96,Jill96
Jill97,Jill97
Jill98,Jill98
Jill99,Jill99
Jill100,Jill100
Jill101,Jill101
Jill102,Jill102
Jill103,Jill103
Jill104,Jill104
Jill105,Jill105
Jill106,Jill106
Jill107,Jill107
Jill108,Jill108
Jill109,Jill109
Jill110,Jill110
Jill111,Jill111
Jill112,Jill112
Jill113,Jill113
Jill114,Jill114
Jill115,Jill115
Jill116,Jill116
Jill117,Jill117
Jill118,Jill118
Jill119,Jill119
Jill120,Jill120
Jill121,Jill121
Jill122,Jill122
Jill123,Jill123
Jill124,Jill124
Jill125,Jill125
Jill126,Jill126
Jill127,Jill127
Jill128,Jill128
Jill129,Jill129
Jill130,Jill130
Jill131,Jill131
Jill132,Jill132
Jill133,Jill133
Jill134,Jill134
Jill135,Jill135
Jill136,Jill136
Jill137,Jill137
Jill138,Jill138
Jill139,Jill139
Jill140,Jill140
Jill141,Jill141
Jill142,Jill142
Jill143,Jill143
Jill144,Jill144
Jill145,Jill145
Jill146,Jill146
Jill147,Jill147
Jill148,Jill148
Jill149,Jill149
Jill150,Jill150
Jill151,Jill151
Jill152,Jill152
Jill153,Jill153
Jill154,Jill154
Jill155,Jill155
Jill156,Jill156
Jill157,Jill157
Jill158,Jill158
Jill159,Jill159
Jill160,Jill160
Jill161,Jill161
Jill162,Jill162
Jill163,Jill163
Jill164,Jill164
Jill165,Jill165
Jill166,Jill166
Jill167,Jill167
Jill168,Jill168
Jill169,Jill169
Jill170,Jill170
Jill171,Jill171
Jill172,Jill172
Jill173,Jill173
Jill174,Jill174
Jill175,Jill175
Jill176,Jill176
Jill177,Jill177
Jill178,Jill178
Jill179,Jill179
Jill180,Jill180
Jill181,Jill181
Jill182,Jill182
Jill183,Jill183
Jill184,Jill184
Jill185,Jill185
Jill186,Jill186
Jill187,Jill187
Jill188,Jill188
Jill189,Jill189
Jill190,Jill190
Jill191,Jill191
Jill192,Jill192
Jill193,Jill193
Jill194,Jill194
Jill195,Jill195
Jill196,Jill196
Jill197,Jill197
Jill198,Jill198
Jill199,Jill199
Jill200,Jill200
Jill201,Jill201
Jill202,Jill202
Jill203,Jill203
Jill204,Jill204
Jill205,Jill205
Jill206,Jill206
Jill207,Jill207
Jill208,Jill208
Jill209,Jill209
Jill210,Jill210
Jill211,Jill211
Jill212,Jill212
Jill213,Jill213
Jill214,Jill214
Jill215,Jill215
Jill216,Jill216
Jill217,Jill217
Jill218,Jill218
Jill219,Jill219
Jill220,Jill220
Jill221,Jill221
Jill222,Jill222
Jill223,Jill223
Jill224,Jill224
Jill225,Jill225
Jill226,Jill226
Jill227,Jill227
Jill228,Jill228
Jill229,Jill229
Jill230,Jill230
Jill231,Jill231
Jill232,Jill232
Jill233,Jill233
Jill234,Jill234
Jill235,Jill235
Jill236,Jill236
Jill237,Jill237
Jill238,Jill238
Jill239,Jill239
Jill240,Jill240
Jill241,Jill241
Jill242,Jill242
Jill243,Jill243
Jill244,Jill244
Jill245,Jill245
Jill246,Jill246
Jill247,Jill247
Jill248,Jill248
Jill249,Jill249
Jill250,Jill250
Jill251,Jill251
Jill252,Jill252
Jill253,Jill253
Jill254,Jill254
Jill255,Jill255
Jill256,Jill256
Jill257,Jill257
Jill258,Jill258
Jill259,Jill259
Jill260,Jill260
Jill261,Jill261
Jill262,Jill262
Jill263,Jill263
Jill264,Jill264
Jill265,Jill265
Jill266,Jill266
Jill267,Jill267
Jill268,Jill268
Jill269,Jill269
Jill270,Jill270
Jill271,Jill271
Jill272,Jill272
Jill273,Jill273
Jill274,Jill274
Jill275,Jill275
Jill276,Jill276
Jill277,Jill277
Jill278,Jill278
Jill279,Jill279
Jill280,Jill280
Jill281,Jill281
Jill282,Jill282
Jill283,Jill283
Jill284,Jill284
Jill285,Jill285
Jill286,Jill286
Jill287,Jill287
Jill288,Jill288
Jill289,Jill289
Jill290,Jill290
Jill291,Jill291
Jill292,Jill292
Jill293,Jill293
Jill294,Jill294
Jill295,Jill295
Jill296,Jill296
Jill297,Jill297
Jill298,Jill298
Jill299,Jill299
Jill300,Jill300
Jill301,Jill301
Jill302,Jill302
Jill303,Jill303
Jill304,Jill304
Jill305,Jill305
Jill306,Jill306
Jill307,Jill307
Jill308,Jill308
Jill309,Jill309
Jill310,Jill310
Jill311,Jill311
Jill312,Jill312
Jill313,Jill313
Jill314,Jill314
Jill315,Jill315
Jill316,Jill316
Jill317,Jill317
Jill318,Jill318
Jill319,Jill319
Jill320,Jill320
Jill321,Jill321
Jill322,Jill322
Jill323,Jill323
Jill324,Jill324
Jill325,Jill325
Jill326,Jill326
Jill327,Jill327
Jill328,Jill328
Jill329,Jill329
Jill330,Jill330
Jill331,Jill331
Jill332,Jill332
Jill333,Jill333
Jill334,Jill334
Jill335,Jill335
Jill336,Jill336
Jill337,Jill337
Jill338,Jill338
Jill339,Jill339
Jill340,Jill340
Jill341,Jill341
Jill342,Jill342
Jill343,Jill343
Jill344,Jill344
Jill345,Jill345
Jill346,Jill346
Jill347,Jill347
Jill348,Jill348
Jill349,Jill349
Jill350,Jill350
Jill351,Jill351
Jill352,Jill352
Jill353,Jill353
Jill354,Jill354
Jill355,Jill355
Jill356,Jill356
Jill357,Jill357
Jill358,Jill358
Jill359,Jill359
Jill360,Jill360
Jill361,Jill361
Jill362,Jill362
Jill363,Jill363
Jill364,Jill364
Jill365,Jill365
Jill366,Jill366
Jill367,Jill367
Jill368,Jill368
Jill369,Jill369
Jill370,Jill370
Jill371,Jill371
Jill372,Jill372
Jill373,Jill373
Jill374,Jill374
Jill375,Jill375
Jill376,Jill376
Jill377,Jill377
Jill378,Jill378
Jill379,Jill379
Jill380,Jill380
Jill381,Jill381
Jill382,Jill382
Jill383,Jill383
Jill384,Jill384
Jill385,Jill385
Jill386,Jill386
Jill387,Jill387
Jill388,Jill388
Jill389,Jill389
Jill390,Jill390
Jill391,Jill391
Jill392,Jill392
Jill393,Jill393
Jill394,Jill394
Jill395,Jill395
Jill396,Jill396
Jill397,Jill397
Jill398,Jill398
Jill399,Jill399
Jill400,Jill400
Jill401,Jill401
Jill402,Jill402
Jill403,Jill403
Jill404,Jill404
Jill405,Jill405
Jill406,Jill406
Jill407,Jill407
Jill408,Jill408
Jill409,Jill409
Jill410,Jill410
Jill411,Jill411
Jill412,Jill412
Jill413,Jill413
Jill414,Jill414
Jill415,Jill415
Jill416,Jill416
Jill417,Jill417
Jill418,Jill418
Jill419,Jill419
Jill420,Jill420
Jill421,Jill421
Jill422,Jill422
Jill423,Jill423
Jill424,Jill424
Jill425,Jill425
Jill426,Jill426
Jill427,Jill427
Jill428,Jill428
Jill429,Jill429
Jill430,Jill430
Jill431,Jill431
Jill432,Jill432
Jill433,Jill433
Jill434,Jill434
Jill435,Jill435
Jill436,Jill436
Jill437,Jill437
Jill438,Jill438
Jill439,Jill439
Jill440,Jill440
Jill441,Jill441
Jill442,Jill442
Jill443,Jill443
Jill444,Jill444
Jill445,Jill445
Jill446,Jill446
Jill447,Jill447
Jill448,Jill448
Jill449,Jill449
Jill450,Jill450
Jill451,Jill451
Jill452,Jill452
Jill453,Jill453
Jill454,Jill454
Jill455,Jill455
Jill456,Jill456
Jill457,Jill457
Jill458,Jill458
Jill459,Jill459
Jill460,Jill460
Jill461,Jill461
Jill462,Jill462
Jill463,Jill463
Jill464,Jill464
Jill465,Jill465
Jill466,Jill466
Jill467,Jill467
Jill468,Jill468
Jill469,Jill469
Jill470,Jill470
Jill471,Jill471
Jill472,Jill472
Jill473,Jill473
Jill474,Jill474
Jill475,Jill475
Jill476,Jill476
Jill477,Jill477
Jill478,Jill478
Jill479,Jill479
Jill480,Jill480
Jill481,Jill481
Jill482,Jill482
Jill483,Jill483
Jill484,Jill484
Jill485,Jill485
Jill486,Jill486
Jill487,Jill487
Jill488,Jill488
Jill489,Jill489
Jill490,Jill490
Jill491,Jill491
Jill492,Jill492
Jill493,Jill493
Jill494,Jill494
Jill495,Jill495
Jill496,Jill496
Jill497,Jill497
Jill498,Jill498
Jill499,Jill499
Jill500,Jill500
Jill501,Jill501
Jill502,Jill502
Jill503,Jill503
Jill504,Jill504
Jill505,Jill505
Jill506,Jill506
Jill507,Jill507
Jill508,Jill508
Jill509,Jill509
Jill510,Jill510
Jill511,Jill511
Jill512,Jill512
Jill513,Jill513
Jill514,Jill514
Jill515,Jill515
Jill516,Jill516
Jill517,Jill517
Jill518,Jill518
Jill519,Jill519
Jill520,Jill520
Jill521,Jill521
Jill522,Jill522
Jill523,Jill523
Jill524,Jill524
Jill525,Jill525
Jill526,Jill526
Jill527,Jill527
Jill528,Jill528
Jill529,Jill529
Jill530,Jill530
Jill531,Jill531
Jill532,Jill532
Jill533,Jill533
Jill534,Jill534
Jill535,Jill535
Jill536,Jill536
Jill537,Jill537
Jill538,Jill538
Jill539,Jill539
Jill540,Jill540
Jill541,Jill541
Jill542,Jill542
Jill543,Jill543
Jill544,Jill544
Jill545,Jill545
Jill546,Jill546
Jill547,Jill547
Jill548,Jill548
Jill549,Jill549
Jill550,Jill550
Jill551,Jill551
Jill552,Jill552
Jill553,Jill553
Jill554,Jill554
Jill555,Jill555
Jill556,Jill556
Jill557,Jill557
Jill558,Jill558
Jill559,Jill559
Jill560,Jill560
Jill561,Jill561
Jill562,Jill562
Jill563,Jill563
Jill564,Jill564
Jill565,Jill565
Jill566,Jill566
Jill567,Jill567
Jill568,Jill568
Jill569,Jill569
Jill570,Jill570
Jill571,Jill571
Jill572,Jill572
Jill573,Jill573
Jill574,Jill574
Jill575,Jill575
Jill576,Jill576
Jill577,Jill577
Jill578,Jill578
Jill579,Jill579
Jill580,Jill580
Jill581,Jill581
Jill582,Jill582
Jill583,Jill583
Jill584,Jill584
Jill585,Jill585
Jill586,Jill586
Jill587,Jill587
Jill588,Jill588
Jill589,Jill589
Jill590,Jill590
Jill591,Jill591
Jill592,Jill592
Jill593,Jill593
Jill594,Jill594
Jill595,Jill595
Jill596,Jill596
Jill597,Jill597
Jill598,Jill598
Jill599,Jill599
Jill600,Jill600
Jill601,Jill601
Jill602,Jill602
Jill603,Jill603
Jill604,Jill604
Jill605,Jill605
Jill606,Jill606
Jill607,Jill607
Jill608,Jill608
Jill609,Jill609
Jill610,Jill610
Jill611,Jill611
Jill612,Jill612
Jill613,Jill613
Jill614,Jill614
Jill615,Jill615
Jill616,Jill616
Jill617,Jill617
Jill618,Jill618
Jill619,Jill619
Jill620,Jill620
Jill621,Jill621
Jill622,Jill622
Jill623,Jill623
Jill624,Jill624
Jill625,Jill625
Jill626,Jill626
Jill627,Jill627
Jill628,Jill628
Jill629,Jill629
Jill630,Jill630
Jill631,Jill631
Jill632,Jill632
Jill633,Jill633
Jill634,Jill634
Jill635,Jill635
Jill636,Jill636
Jill637,Jill637
Jill638,Jill638
Jill639,Jill639
Jill640,Jill640
Jill641,Jill641
Jill642,Jill642
Jill643,Jill643
Jill644,Jill644
Jill645,Jill645
Jill646,Jill646
Jill647,Jill647
Jill648,Jill648
Jill649,Jill649
Jill650,Jill650
Jill651,Jill651
Jill652,Jill652
Jill653,Jill653
Jill654,Jill654
Jill655,Jill655
Jill656,Jill656
Jill657,Jill657
Jill658,Jill658
Jill659,Jill659
Jill660,Jill660
Jill661,Jill661
Jill662,Jill662
Jill663,Jill663
Jill664,Jill664
Jill665,Jill665
Jill666,Jill666
Jill667,Jill667
Jill668,Jill668
Jill669,Jill669
Jill670,Jill670
Jill671,Jill671
Jill672,Jill672
Jill673,Jill673
Jill674,Jill674
Jill675,Jill675
Jill676,Jill676
Jill677,Jill677
Jill678,Jill678
Jill679,Jill679
Jill680,Jill680
Jill681,Jill681
Jill682,Jill682
Jill683,Jill683
Jill684,Jill684
Jill685,Jill685
Jill686,Jill686
Jill687,Jill687
Jill688,Jill688
Jill689,Jill689
Jill690,Jill690
Jill691,Jill691
Jill692,Jill692
Jill693,Jill693
Jill694,Jill694
Jill695,Jill695
Jill696,Jill696
Jill697,Jill697
Jill698,Jill698
Jill699,Jill699
Jill700,Jill700
Jill701,Jill701
Jill702,Jill702
Jill703,Jill703
Jill704,Jill704
Jill705,Jill705
Jill706,Jill706
Jill707,Jill707
Jill708,Jill708
Jill709,Jill709
Jill710,Jill710
Jill711,Jill711
Jill712,Jill712
Jill713,Jill713
Jill714,Jill714
Jill715,Jill715
Jill716,Jill716
Jill717,Jill717
Jill718,Jill718
Jill719,Jill719
Jill720,Jill720
Jill721,Jill721
Jill722,Jill722
Jill723,Jill723
Jill724,Jill724
Jill725,Jill725
Jill726,Jill726
Jill727,Jill727
Jill728,Jill728
Jill729,Jill729
Jill730,Jill730
Jill731,Jill731
Jill732,Jill732
Jill733,Jill733
Jill734,Jill734
Jill735,Jill735
Jill736,Jill736
Jill737,Jill737
Jill738,Jill738
Jill739,Jill739
Jill740,Jill740
Jill741,Jill741
Jill742,Jill742
Jill743,Jill743
Jill744,Jill744
Jill745,Jill745
Jill746,Jill746
Jill747,Jill747
Jill748,Jill748
Jill749,Jill749
Jill750,Jill750
Jill751,Jill751
Jill752,Jill752
Jill753,Jill753
Jill754,Jill754
Jill755,Jill755
Jill756,Jill756
Jill757,Jill757
Jill758,Jill758
Jill759,Jill759
Jill760,Jill760
Jill761,Jill761
Jill762,Jill762
Jill763,Jill763
Jill764,Jill764
Jill765,Jill765
Jill766,Jill766
Jill767,Jill767
Jill768,Jill768
Jill769,Jill769
Jill770,Jill770
Jill771,Jill771
Jill772,Jill772
Jill773,Jill773
Jill774,Jill774
Jill775,Jill775
Jill776,Jill776
Jill777,Jill777
Jill778,Jill778
Jill779,Jill779
Jill780,Jill780
Jill781,Jill781
Jill782,Jill782
Jill783,Jill783
Jill784,Jill784
Jill785,Jill785
Jill786,Jill786
Jill787,Jill787
Jill788,Jill788
Jill789,Jill789
Jill790,Jill790
Jill791,Jill791
Jill792,Jill792
Jill793,Jill793
Jill794,Jill794
Jill795,Jill795
Jill796,Jill796
Jill797,Jill797
Jill798,Jill798
Jill799,Jill799
Jill800,Jill800
Jill801,Jill801
Jill802,Jill802
Jill803,Jill803
Jill804,Jill804
Jill805,Jill805
Jill806,Jill806
Jill807,Jill807
Jill808,Jill808
Jill809,Jill809
Jill810,Jill810
Jill811,Jill811
Jill812,Jill812
Jill813,Jill813
Jill814,Jill814
Jill815,Jill815
Jill816,Jill816
Jill817,Jill817
Jill818,Jill818
Jill819,Jill819
Jill820,Jill820
Jill821,Jill821
Jill822,Jill822
Jill823,Jill823
Jill824,Jill824
Jill825,Jill825
Jill826,Jill826
Jill827,Jill827
Jill828,Jill828
Jill829,Jill829
Jill830,Jill830
Jill831,Jill831
Jill832,Jill832
Jill833,Jill833
Jill834,Jill834
Jill835,Jill835
Jill836,Jill836
Jill837,Jill837
Jill838,Jill838
Jill839,Jill839
Jill840,Jill840
Jill841,Jill841
Jill842,Jill842
Jill843,Jill843
Jill844,Jill844
Jill845,Jill845
Jill846,Jill846
Jill847,Jill847
Jill848,Jill848
Jill849,Jill849
Jill850,Jill850
Jill851,Jill851
Jill852,Jill852
Jill853,Jill853
Jill854,Jill854
Jill855,Jill855
Jill856,Jill856
Jill857,Jill857
Jill858,Jill858
Jill859,Jill859
Jill860,Jill860
Jill861,Jill861
Jill862,Jill862
Jill863,Jill863
Jill864,Jill864
Jill865,Jill865
Jill866,Jill866
Jill867,Jill867
Jill868,Jill868
Jill869,Jill869
Jill870,Jill870
Jill871,Jill871
Jill872,Jill872
Jill873,Jill873
Jill874,Jill874
Jill875,Jill875
Jill876,Jill876
Jill877,Jill877
Jill878,Jill878
Jill879,Jill879
Jill880,Jill880
Jill881,Jill881
Jill882,Jill882
Jill883,Jill883
Jill884,Jill884
Jill885,Jill885
Jill886,Jill886
Jill887,Jill887
Jill888,Jill888
Jill889,Jill889
Jill890,Jill890
Jill891,Jill891
Jill892,Jill892
Jill893,Jill893
Jill894,Jill894
Jill895,Jill895
Jill896,Jill896
Jill897,Jill897
Jill898,Jill898
Jill899,Jill899
Jill900,Jill900
Jill901,Jill901
Jill902,Jill902
Jill903,Jill903
Jill904,Jill904
Jill905,Jill905
Jill906,Jill906
Jill907,Jill907
Jill908,Jill908
Jill909,Jill909
Jill910,Jill910
Jill911,Jill911
Jill912,Jill912
Jill913,Jill913
Jill914,Jill914
Jill915,Jill915
Jill916,Jill916
Jill917,Jill917
Jill918,Jill918
Jill919,Jill919
Jill920,Jill920
Jill921,Jill921
Jill922,Jill922
Jill923,Jill923
Jill924,Jill924
Jill925,Jill925
Jill926,Jill926
Jill927,Jill927
Jill928,Jill928
Jill929,Jill929
Jill930,Jill930
Jill931,Jill931
Jill932,Jill932
Jill933,Jill933
Jill934,Jill934
Jill935,Jill935
Jill936,Jill936
Jill937,Jill937
Jill938,Jill938
Jill939,Jill939
Jill940,Jill940
Jill941,Jill941
Jill942,Jill942
Jill943,Jill943
Jill944,Jill944
Jill945,Jill945
Jill946,Jill946
Jill947,Jill947
Jill948,Jill948
Jill949,Jill949
Jill950,Jill950
Jill951,Jill951
Jill952,Jill952
Jill953,Jill953
Jill954,Jill954
Jill955,Jill955
Jill956,Jill956
Jill957,Jill957
Jill958,Jill958
Jill959,Jill959
Jill960,Jill960
Jill961,Jill961
Jill962,Jill962
Jill963,Jill963
Jill964,Jill964
Jill965,Jill965
Jill966,Jill966
Jill967,Jill967
Jill968,Jill968
Jill969,Jill969
Jill970,Jill970
Jill971,Jill971
Jill972,Jill972
Jill973,Jill973
Jill974,Jill974
Jill975,Jill975
Jill976,Jill976
Jill977,Jill977
Jill978,Jill978
Jill979,Jill979
Jill980,Jill980
Jill981,Jill981
Jill982,Jill982
Jill983,Jill983
Jill984,Jill984
Jill985,Jill985
Jill986,Jill986
Jill987,Jill987
Jill988,Jill988
Jill989,Jill989
Jill990,Jill990
Jill991,Jill991
Jill992,Jill992
Jill993,Jill993
Jill994,Jill994
Jill995,Jill995
Jill996,Jill996
Jill997,Jill997
Jill998,Jill998
Jill999,Jill999
Jill1000,Jill1000
